{"cameraMode":{"drawMode":0,"name":"Shaded","section":"Shading Mode"},"sceneLighting":false,"audioPlay":false,"sceneViewState":{"showFog":true,"showMaterialUpdate":false,"showSkybox":false,"showFlares":true,"showImageEffects":true,"showParticleSystems":true},"in2DMode":false,"pivot":{"x":58.70001983642578,"y":41.4822883605957,"z":2.2089931964874269},"rotation":{"x":-0.19776208698749543,"y":0.6789206266403198,"z":-0.1978408396244049,"w":-0.6789214611053467},"size":4.041658401489258,"orthographic":false}